{"loss": [0.08882775902748108, 0.01117299310863018, 0.009966623969376087, 0.009430197067558765, 0.008640308864414692, 0.00817874539643526, 0.007474325597286224, 0.00718286307528615, 0.006530397571623325, 0.006349646486341953, 0.006112873554229736, 0.005946849938482046, 0.005686130374670029, 0.0052685486152768135, 0.005114603787660599, 0.005100477486848831, 0.00491988193243742, 0.004844315350055695, 0.004843453876674175, 0.004571585915982723], "val_loss": [0.003905986901372671, 0.002882689470425248, 0.002983237151056528, 0.0026325087528675795, 0.002555303508415818, 0.0025720938574522734, 0.0025673217605799437, 0.0023342850618064404, 0.0021623976062983274, 0.002114358125254512, 0.0021536299027502537, 0.0021392134949564934, 0.002005905844271183, 0.002257459331303835, 0.001929698628373444, 0.002139352960512042, 0.0019814646802842617, 0.002104165032505989, 0.0019668966997414827, 0.002109357388690114]}