{
    "loss": [
        0.051918961107730865,
        0.00783698633313179,
        0.0066103823482990265,
        0.006078138016164303,
        0.005876977927982807,
        0.005735144019126892,
        0.005533741787075996,
        0.005383613519370556,
        0.00526172062382102,
        0.004908669739961624,
        0.005007187370210886,
        0.005130639299750328,
        0.004791004117578268,
        0.0046905349008738995,
        0.004637773614376783,
        0.004397685173898935,
        0.004243108443915844,
        0.004231757950037718,
        0.0040571135468780994,
        0.0038581318221986294
    ],
    "val_loss": [
        0.0026892719324678183,
        0.0026864921674132347,
        0.002133941976353526,
        0.0019717072136700153,
        0.0019356897100806236,
        0.0019942724611610174,
        0.0023156837560236454,
        0.0020015989430248737,
        0.0019422153709456325,
        0.0019457838498055935,
        0.001955122221261263,
        0.0019299888517707586,
        0.0020084583666175604,
        0.0020293749403208494,
        0.001907553756609559,
        0.0019195935456082225,
        0.002519566100090742,
        0.0019066405948251486,
        0.0019750299397855997,
        0.0021413255017250776
    ]
}