{
    "loss": [
        0.05872591957449913,
        0.007598977070301771,
        0.006627399940043688,
        0.006188192870467901,
        0.005916894879192114,
        0.00539710558950901,
        0.005538847763091326,
        0.005192119628190994,
        0.005092478357255459,
        0.0052768574096262455,
        0.004968559369444847,
        0.004821798298507929,
        0.004634172189980745,
        0.004464095924049616,
        0.004340099170804024,
        0.00410529226064682,
        0.004039747174829245,
        0.004172422457486391,
        0.004006771836429834,
        0.0038424828089773655
    ],
    "val_loss": [
        0.0031377270352095366,
        0.0022964111994951963,
        0.0020948071032762527,
        0.0019314282108098269,
        0.0020831699948757887,
        0.0020484442356973886,
        0.002082547638565302,
        0.001991547178477049,
        0.0018949982477352023,
        0.0018943401519209146,
        0.001949349301867187,
        0.0018848491599783301,
        0.0019724832382053137,
        0.0019023881759494543,
        0.0022590267471969128,
        0.0018873142544180155,
        0.0024358630180358887,
        0.0019785736221820116,
        0.0019697314128279686,
        0.001899169059470296
    ]
}