{
    "loss": [
        0.0027698143385350704,
        0.002828609198331833,
        0.0028111690189689398,
        0.002811024896800518,
        0.0028970781713724136,
        0.0028584743849933147,
        0.0027260519564151764,
        0.0028000816237181425,
        0.0028519053012132645,
        0.002805030206218362,
        0.0027793776243925095,
        0.002821211935952306,
        0.0027305004186928272,
        0.0027719312347471714,
        0.002769624814391136,
        0.002724630292505026,
        0.0028038357850164175
    ],
    "val_loss": [
        0.00223995721898973,
        0.0022244721185415983,
        0.0023322917986661196,
        0.002296838676556945,
        0.002333998214453459,
        0.0023045155685395002,
        0.002222752431407571,
        0.0022867885418236256,
        0.0022606889251619577,
        0.002277500694617629,
        0.0022249133326113224,
        0.002276025479659438,
        0.0022516383323818445,
        0.002305087633430958,
        0.0022900255862623453,
        0.002287956653162837,
        0.0022736615501344204
    ],
    "lr": [
        