{
    "loss": [
        0.0038709279615432024,
        0.0047213356010615826,
        0.004110099747776985,
        0.004518239758908749,
        0.004941534250974655,
        0.004616595339030027,
        0.004718125332146883,
        0.004520875867456198,
        0.005186473950743675,
        0.004426717758178711,
        0.004746066872030497,
        0.003888636128976941,
        0.004502559546381235
    ],
    "val_loss": [
        0.0033250481355935335,
        0.0033474243246018887,
        0.0031809003558009863,
        0.0032041368540376425,
        0.0034453189000487328,
        0.003375230124220252,
        0.003181655192747712,
        0.0032342439517378807,
        0.0032881819643080235,
        0.0032698288559913635,
        0.003192061558365822,
        0.0032305463682860136,
        0.0032051720190793276
    ],